<?xml version="1.0" encoding="UTF-8" standalone="yes"?>
<manifest>
  <control namespace="ReactCounterNamespace" constructor="ReactCounter" version="0.0.1" display-name-key="ReactCounter" description-key="ReactCounter description" control-type="virtual" api-version="1.3.15">
    <external-service-usage enabled="false"/>
    <property name="inputcounterValue" display-name-key="Property_Display_Key" description-key="Property_Desc_Key" of-type="Whole.None" usage="bound" required="true"/>
    <property name="counterValue" display-name-key="Counter Value" description-key="Current counter value" of-type="Whole.None" usage="output"/>
    <resources>
      <code path="bundle.js" order="1"/>
      <platform-library name="React" version="16.14.0"/>
      <platform-library name="Fluent" version="9.46.2"/>
      <css path="css/ReactCounter.css" order="1"/>
    </resources>
    <feature-usage/>
    <built-by name="pac" version="1.39.3"/>
  </control>
</manifest>